"Model","R.Square","Train.MSE","Test.MSE"
"Simple Linear Reg",0.4936,67741.5366364543,71056.5266393383
"Multiple Linear Reg",0.8385,21465.3663527766,24076.6942020922
